{"accuracy": [0.585660457611084, 0.8511984944343567, 0.9105910658836365, 0.940963089466095, 0.9548332095146179, 0.9630272388458252, 0.9713635444641113, 0.975332498550415, 0.9796571731567383, 0.982146680355072], "loss": [1.3968110084533691, 0.46657952666282654, 0.2774535119533539, 0.1808205544948578, 0.13789916038513184, 0.11078367382287979, 0.08723378926515579, 0.07534356415271759, 0.06168569251894951, 0.05538618564605713], "val_accuracy": [0.812428891658783, 0.9121329188346863, 0.9268723130226135, 0.9504894018173218, 0.9488959908485413, 0.9552697539329529, 0.9558388590812683, 0.9687570929527283, 0.9562941193580627, 0.9688709378242493], "val_loss": [0.5902110934257507, 0.28127381205558777, 0.22891424596309662, 0.15665270388126373, 0.1653318554162979, 0.14514470100402832, 0.14317141473293304, 0.1001964658498764, 0.14352238178253174, 0.10323169827461243]}